nombre,ataque,total_base,Probabilidad_de_captura,defensa,No_Pokedex,ataque_especial,defensa_especial,velocidad,tipo1,tipo2,generacion,es_legendario
Bulbasaur,49,318,45,49,1,65,65,45,grass,poison,1,0
Ivysaur,62,405,45,63,2,80,80,60,grass,poison,1,0
Venusaur,100,625,45,123,3,122,120,80,grass,poison,1,0
Charmander,52,309,45,43,4,60,50,65,fire,,1,0
Charmeleon,64,405,45,58,5,80,65,80,fire,,1,0
Charizard,104,634,45,78,6,159,115,100,fire,flying,1,0
Squirtle,48,314,45,65,7,50,64,43,water,,1,0
Wartortle,63,405,45,80,8,65,80,58,water,,1,0
Blastoise,103,630,45,120,9,135,115,78,water,,1,0
Caterpie,30,195,255,35,10,20,20,45,bug,,1,0
Metapod,20,205,120,55,11,25,25,30,bug,,1,0
Butterfree,45,395,45,50,12,90,80,70,bug,flying,1,0
Weedle,35,195,255,30,13,20,20,50,bug,poison,1,0
Kakuna,25,205,120,50,14,25,25,35,bug,poison,1,0
Beedrill,150,495,45,40,15,15,80,145,bug,poison,1,0
Pidgey,45,251,255,40,16,35,35,56,normal,flying,1,0
Pidgeotto,60,349,120,55,17,50,50,71,normal,flying,1,0
Pidgeot,80,579,45,80,18,135,80,121,normal,flying,1,0
Rattata,56,253,255,35,19,25,35,72,normal,dark,1,0
Raticate,71,413,127,70,20,40,80,77,normal,dark,1,0
Spearow,60,262,255,30,21,31,31,70,normal,flying,1,0
Fearow,90,442,90,65,22,61,61,100,normal,flying,1,0
Ekans,60,288,255,44,23,40,54,55,poison,,1,0
Arbok,95,448,90,69,24,65,79,80,poison,,1,0
Pikachu,55,320,190,40,25,50,50,90,electric,,1,0
Raichu,85,485,75,50,26,95,85,110,electric,electric,1,0
Sandshrew,75,300,255,90,27,10,35,40,ground,ice,1,0
Sandslash,100,450,90,120,28,25,65,65,ground,ice,1,0
Nidoran♀,47,275,235,52,29,40,40,41,poison,,1,0
Nidorina,62,365,120,67,30,55,55,56,poison,,1,0
Nidoqueen,92,505,45,87,31,75,85,76,poison,ground,1,0
Nidoran♂,57,273,235,40,32,40,40,50,poison,,1,0
Nidorino,72,365,120,57,33,55,55,65,poison,,1,0
Nidoking,102,505,45,77,34,85,75,85,poison,ground,1,0
Clefairy,45,323,150,48,35,60,65,35,fairy,,1,0
Clefable,70,483,25,73,36,95,90,60,fairy,,1,0
Vulpix,41,299,190,40,37,50,65,65,fire,ice,1,0
Ninetales,67,505,75,75,38,81,100,109,fire,ice,1,0
Jigglypuff,45,270,170,20,39,45,25,20,normal,fairy,1,0
Wigglytuff,70,435,50,45,40,85,50,45,normal,fairy,1,0
Zubat,45,245,255,35,41,30,40,55,poison,flying,1,0
Golbat,80,455,90,70,42,65,75,90,poison,flying,1,0
Oddish,50,320,255,55,43,75,65,30,grass,poison,1,0
Gloom,65,395,120,70,44,85,75,40,grass,poison,1,0
Vileplume,80,490,45,85,45,110,90,50,grass,poison,1,0
Paras,70,285,190,55,46,45,55,25,bug,grass,1,0
Parasect,95,405,75,80,47,60,80,30,bug,grass,1,0
Venonat,55,305,190,50,48,40,55,45,bug,poison,1,0
Venomoth,65,450,75,60,49,90,75,90,bug,poison,1,0
Diglett,55,265,255,30,50,35,45,90,ground,ground,1,0
Dugtrio,100,425,50,60,51,50,70,110,ground,ground,1,0
Meowth,35,290,255,35,52,50,40,90,normal,dark,1,0
Persian,60,440,90,60,53,75,65,115,normal,dark,1,0
Psyduck,52,320,190,48,54,65,50,55,water,,1,0
Golduck,82,500,75,78,55,95,80,85,water,,1,0
Mankey,80,305,190,35,56,35,45,70,fighting,,1,0
Primeape,105,455,75,60,57,60,70,95,fighting,,1,0
Growlithe,70,350,190,45,58,70,50,60,fire,,1,0
Arcanine,110,555,75,80,59,100,80,95,fire,,1,0
Poliwag,50,300,255,40,60,40,40,90,water,,1,0
Poliwhirl,65,385,120,65,61,50,50,90,water,,1,0
Poliwrath,95,510,45,95,62,70,90,70,water,fighting,1,0
Abra,20,310,200,15,63,105,55,90,psychic,,1,0
Kadabra,35,400,100,30,64,120,70,105,psychic,,1,0
Alakazam,50,600,50,65,65,175,105,150,psychic,,1,0
Machop,80,305,180,50,66,35,35,35,fighting,,1,0
Machoke,100,405,90,70,67,50,60,45,fighting,,1,0
Machamp,130,505,45,80,68,65,85,55,fighting,,1,0
Bellsprout,75,300,255,35,69,70,30,40,grass,poison,1,0
Weepinbell,90,390,120,50,70,85,45,55,grass,poison,1,0
Victreebel,105,490,45,65,71,100,70,70,grass,poison,1,0
Tentacool,40,335,190,35,72,50,100,70,water,poison,1,0
Tentacruel,70,515,60,65,73,80,120,100,water,poison,1,0
Geodude,80,300,255,100,74,30,30,20,rock,ground,1,0
Graveler,95,390,120,115,75,45,45,35,rock,ground,1,0
Golem,120,495,45,130,76,55,65,45,rock,ground,1,0
Ponyta,85,410,190,55,77,65,65,90,fire,,1,0
Rapidash,100,500,60,70,78,80,80,105,fire,,1,0
Slowpoke,65,315,190,65,79,40,40,15,water,psychic,1,0
Slowbro,75,590,75,180,80,130,80,30,water,psychic,1,0
Magnemite,35,325,190,70,81,95,55,45,electric,steel,1,0
Magneton,60,465,60,95,82,120,70,70,electric,steel,1,0
Farfetch'd,90,377,45,55,83,58,62,60,normal,flying,1,0
Doduo,85,310,190,45,84,35,35,75,normal,flying,1,0
Dodrio,110,470,45,70,85,60,60,110,normal,flying,1,0
Seel,45,325,190,55,86,45,70,45,water,,1,0
Dewgong,70,475,75,80,87,70,95,70,water,ice,1,0
Grimer,80,325,190,50,88,40,50,25,poison,poison,1,0
Muk,105,500,75,75,89,65,100,50,poison,poison,1,0
Shellder,65,305,190,100,90,45,25,40,water,,1,0
Cloyster,95,525,60,180,91,85,45,70,water,ice,1,0
Gastly,35,310,190,30,92,100,35,80,ghost,poison,1,0
Haunter,50,405,90,45,93,115,55,95,ghost,poison,1,0
Gengar,65,600,45,80,94,170,95,130,ghost,poison,1,0
Onix,45,385,45,160,95,30,45,70,rock,ground,1,0
Drowzee,48,328,190,45,96,43,90,42,psychic,,1,0
Hypno,73,483,75,70,97,73,115,67,psychic,,1,0
Krabby,105,325,225,90,98,25,25,50,water,,1,0
Kingler,130,475,60,115,99,50,50,75,water,,1,0
Voltorb,30,330,190,50,100,55,55,100,electric,,1,0
Electrode,50,490,60,70,101,80,80,150,electric,,1,0
Exeggcute,40,325,90,80,102,60,45,40,grass,psychic,1,0
Exeggutor,105,530,45,85,103,125,75,45,grass,psychic,1,0
Cubone,50,320,190,95,104,40,50,35,ground,,1,0
Marowak,80,425,75,110,105,50,80,45,ground,fire,1,0
Hitmonlee,120,455,45,53,106,35,110,87,fighting,,1,0
Hitmonchan,105,455,45,79,107,35,110,76,fighting,,1,0
Lickitung,55,385,45,75,108,60,75,30,normal,,1,0
Koffing,65,340,190,95,109,60,45,35,poison,,1,0
Weezing,90,490,60,120,110,85,70,60,poison,,1,0
Rhyhorn,85,345,120,95,111,30,30,25,ground,rock,1,0
Rhydon,130,485,60,120,112,45,45,40,ground,rock,1,0
Chansey,5,450,30,5,113,35,105,50,normal,,1,0
Tangela,55,435,45,115,114,100,40,60,grass,,1,0
Kangaskhan,125,590,45,100,115,60,100,100,normal,,1,0
Horsea,40,295,225,70,116,70,25,60,water,,1,0
Seadra,65,440,75,95,117,95,45,85,water,,1,0
Goldeen,67,320,225,60,118,35,50,63,water,,1,0
Seaking,92,450,60,65,119,65,80,68,water,,1,0
Staryu,45,340,225,55,120,70,55,85,water,,1,0
Starmie,75,520,60,85,121,100,85,115,water,psychic,1,0
Mr. Mime,45,460,45,65,122,100,120,90,psychic,fairy,1,0
Scyther,110,500,45,80,123,55,80,105,bug,flying,1,0
Jynx,50,455,45,35,124,115,95,95,ice,psychic,1,0
Electabuzz,83,490,45,57,125,95,85,105,electric,,1,0
Magmar,95,495,45,57,126,100,85,93,fire,,1,0
Pinsir,155,600,45,120,127,65,90,105,bug,,1,0
Tauros,100,490,45,95,128,40,70,110,normal,,1,0
Magikarp,10,200,255,55,129,15,20,80,water,,1,0
Gyarados,155,640,45,109,130,70,130,81,water,flying,1,0
Lapras,85,535,45,80,131,85,95,60,water,ice,1,0
Ditto,48,288,35,48,132,48,48,48,normal,,1,0
Eevee,55,325,45,50,133,45,65,55,normal,,1,0
Vaporeon,65,525,45,60,134,110,95,65,water,,1,0
Jolteon,65,525,45,60,135,110,95,130,electric,,1,0
Flareon,130,525,45,60,136,95,110,65,fire,,1,0
Porygon,60,395,45,70,137,85,75,40,normal,,1,0
Omanyte,40,355,45,100,138,90,55,35,rock,water,1,0
Omastar,60,495,45,125,139,115,70,55,rock,water,1,0
Kabuto,80,355,45,90,140,55,45,55,rock,water,1,0
Kabutops,115,495,45,105,141,65,70,80,rock,water,1,0
Aerodactyl,135,615,45,85,142,70,95,150,rock,flying,1,0
Snorlax,110,540,25,65,143,65,110,30,normal,,1,0
Articuno,85,580,3,100,144,95,125,85,ice,flying,1,1
Zapdos,90,580,3,85,145,125,90,100,electric,flying,1,1
Moltres,100,580,3,90,146,125,85,90,fire,flying,1,1
Dratini,64,300,45,45,147,50,50,50,dragon,,1,0
Dragonair,84,420,45,65,148,70,70,70,dragon,,1,0
Dragonite,134,600,45,95,149,100,100,80,dragon,flying,1,0
Mewtwo,150,780,3,70,150,194,120,140,psychic,,1,1
Mew,100,600,45,100,151,100,100,100,psychic,,1,1
Chikorita,49,318,45,65,152,49,65,45,grass,,2,0
Bayleef,62,405,45,80,153,63,80,60,grass,,2,0
Meganium,82,525,45,100,154,83,100,80,grass,,2,0
Cyndaquil,52,309,45,43,155,60,50,65,fire,,2,0
Quilava,64,405,45,58,156,80,65,80,fire,,2,0
Typhlosion,84,534,45,78,157,109,85,100,fire,,2,0
Totodile,65,314,45,64,158,44,48,43,water,,2,0
Croconaw,80,405,45,80,159,59,63,58,water,,2,0
Feraligatr,105,530,45,100,160,79,83,78,water,,2,0
Sentret,46,215,255,34,161,35,45,20,normal,,2,0
Furret,76,415,90,64,162,45,55,90,normal,,2,0
Hoothoot,30,262,255,30,163,36,56,50,normal,flying,2,0
Noctowl,50,452,90,50,164,86,96,70,normal,flying,2,0
Ledyba,20,265,255,30,165,40,80,55,bug,flying,2,0
Ledian,35,390,90,50,166,55,110,85,bug,flying,2,0
Spinarak,60,250,255,40,167,40,40,30,bug,poison,2,0
Ariados,90,400,90,70,168,60,70,40,bug,poison,2,0
Crobat,90,535,90,80,169,70,80,130,poison,flying,2,0
Chinchou,38,330,190,38,170,56,56,67,water,electric,2,0
Lanturn,58,460,75,58,171,76,76,67,water,electric,2,0
Pichu,40,205,190,15,172,35,35,60,electric,,2,0
Cleffa,25,218,150,28,173,45,55,15,fairy,,2,0
Igglybuff,30,210,170,15,174,40,20,15,normal,fairy,2,0
Togepi,20,245,190,65,175,40,65,20,fairy,,2,0
Togetic,40,405,75,85,176,80,105,40,fairy,flying,2,0
Natu,50,320,190,45,177,70,45,70,psychic,flying,2,0
Xatu,75,470,75,70,178,95,70,95,psychic,flying,2,0
Mareep,40,280,235,40,179,65,45,35,electric,,2,0
Flaaffy,55,365,120,55,180,80,60,45,electric,,2,0
Ampharos,95,610,45,105,181,165,110,45,electric,,2,0
Bellossom,80,490,45,95,182,90,100,50,grass,,2,0
Marill,20,250,190,50,183,20,50,40,water,fairy,2,0
Azumarill,50,420,75,80,184,60,80,50,water,fairy,2,0
Sudowoodo,100,410,65,115,185,30,65,30,rock,,2,0
Politoed,75,500,45,75,186,90,100,70,water,,2,0
Hoppip,35,250,255,40,187,35,55,50,grass,flying,2,0
Skiploom,45,340,120,50,188,45,65,80,grass,flying,2,0
Jumpluff,55,460,45,70,189,55,95,110,grass,flying,2,0
Aipom,70,360,45,55,190,40,55,85,normal,,2,0
Sunkern,30,180,235,30,191,30,30,30,grass,,2,0
Sunflora,75,425,120,55,192,105,85,30,grass,,2,0
Yanma,65,390,75,45,193,75,45,95,bug,flying,2,0
Wooper,45,210,255,45,194,25,25,15,water,ground,2,0
Quagsire,85,430,90,85,195,65,65,35,water,ground,2,0
Espeon,65,525,45,60,196,130,95,110,psychic,,2,0
Umbreon,65,525,45,110,197,60,130,65,dark,,2,0
Murkrow,85,405,30,42,198,85,42,91,dark,flying,2,0
Slowking,75,490,70,80,199,100,110,30,water,psychic,2,0
Misdreavus,60,435,45,60,200,85,85,85,ghost,,2,0
Unown,72,336,225,48,201,72,48,48,psychic,,2,0
Wobbuffet,33,405,45,58,202,33,58,33,psychic,,2,0
Girafarig,80,455,60,65,203,90,65,85,normal,psychic,2,0
Pineco,65,290,190,90,204,35,35,15,bug,,2,0
Forretress,90,465,75,140,205,60,60,40,bug,steel,2,0
Dunsparce,70,415,190,70,206,65,65,45,normal,,2,0
Gligar,75,430,60,105,207,35,65,85,ground,flying,2,0
Steelix,125,610,25,230,208,55,95,30,steel,ground,2,0
Snubbull,80,300,190,50,209,40,40,30,fairy,,2,0
Granbull,120,450,75,75,210,60,60,45,fairy,,2,0
Qwilfish,95,440,45,85,211,55,55,85,water,poison,2,0
Scizor,150,600,25,140,212,65,100,75,bug,steel,2,0
Shuckle,10,505,190,230,213,10,230,5,bug,rock,2,0
Heracross,185,600,45,115,214,40,105,75,bug,fighting,2,0
Sneasel,95,430,60,55,215,35,75,115,dark,ice,2,0
Teddiursa,80,330,120,50,216,50,50,40,normal,,2,0
Ursaring,130,500,60,75,217,75,75,55,normal,,2,0
Slugma,40,250,190,40,218,70,40,20,fire,,2,0
Magcargo,50,430,75,120,219,90,80,30,fire,rock,2,0
Swinub,50,250,225,40,220,30,30,50,ice,ground,2,0
Piloswine,100,450,75,80,221,60,60,50,ice,ground,2,0
Corsola,55,410,60,95,222,65,95,35,water,rock,2,0
Remoraid,65,300,190,35,223,65,35,65,water,,2,0
Octillery,105,480,75,75,224,105,75,45,water,,2,0
Delibird,55,330,45,45,225,65,45,75,ice,flying,2,0
Mantine,40,485,25,70,226,80,140,70,water,flying,2,0
Skarmory,80,465,25,140,227,40,70,70,steel,flying,2,0
Houndour,60,330,120,30,228,80,50,65,dark,fire,2,0
Houndoom,90,600,45,90,229,140,90,115,dark,fire,2,0
Kingdra,95,540,45,95,230,95,95,85,water,dragon,2,0
Phanpy,60,330,120,60,231,40,40,40,ground,,2,0
Donphan,120,500,60,120,232,60,60,50,ground,,2,0
Porygon2,80,515,45,90,233,105,95,60,normal,,2,0
Stantler,95,465,45,62,234,85,65,85,normal,,2,0
Smeargle,20,250,45,35,235,20,45,75,normal,,2,0
Tyrogue,35,210,75,35,236,35,35,35,fighting,,2,0
Hitmontop,95,455,45,95,237,35,110,70,fighting,,2,0
Smoochum,30,305,45,15,238,85,65,65,ice,psychic,2,0
Elekid,63,360,45,37,239,65,55,95,electric,,2,0
Magby,75,365,45,37,240,70,55,83,fire,,2,0
Miltank,80,490,45,105,241,40,70,100,normal,,2,0
Blissey,10,540,30,10,242,75,135,55,normal,,2,0
Raikou,85,580,3,75,243,115,100,115,electric,,2,1
Entei,115,580,3,85,244,90,75,100,fire,,2,1
Suicune,75,580,3,115,245,90,115,85,water,,2,1
Larvitar,64,300,45,50,246,45,50,41,rock,ground,2,0
Pupitar,84,410,45,70,247,65,70,51,rock,ground,2,0
Tyranitar,164,700,45,150,248,95,120,71,rock,dark,2,0
Lugia,90,680,3,130,249,90,154,110,psychic,flying,2,1
Ho-Oh,130,680,3,90,250,110,154,90,fire,flying,2,1
Celebi,100,600,45,100,251,100,100,100,psychic,grass,2,1
Treecko,45,310,45,35,252,65,55,70,grass,,3,0
Grovyle,65,405,45,45,253,85,65,95,grass,,3,0
Sceptile,110,630,45,75,254,145,85,145,grass,,3,0
Torchic,60,310,45,40,255,70,50,45,fire,,3,0
Combusken,85,405,45,60,256,85,60,55,fire,fighting,3,0
Blaziken,160,630,45,80,257,130,80,100,fire,fighting,3,0
Mudkip,70,310,45,50,258,50,50,40,water,,3,0
Marshtomp,85,405,45,70,259,60,70,50,water,ground,3,0
Swampert,150,635,45,110,260,95,110,70,water,ground,3,0
Poochyena,55,220,255,35,261,30,30,35,dark,,3,0
Mightyena,90,420,127,70,262,60,60,70,dark,,3,0
Zigzagoon,30,240,255,41,263,30,41,60,normal,,3,0
Linoone,70,420,90,61,264,50,61,100,normal,,3,0
Wurmple,45,195,255,35,265,20,30,20,bug,,3,0
Silcoon,35,205,120,55,266,25,25,15,bug,,3,0
Beautifly,70,395,45,50,267,100,50,65,bug,flying,3,0
Cascoon,35,205,120,55,268,25,25,15,bug,,3,0
Dustox,50,385,45,70,269,50,90,65,bug,poison,3,0
Lotad,30,220,255,30,270,40,50,30,water,grass,3,0
Lombre,50,340,120,50,271,60,70,50,water,grass,3,0
Ludicolo,70,480,45,70,272,90,100,70,water,grass,3,0
Seedot,40,220,255,50,273,30,30,30,grass,,3,0
Nuzleaf,70,340,120,40,274,60,40,60,grass,dark,3,0
Shiftry,100,480,45,60,275,90,60,80,grass,dark,3,0
Taillow,55,270,200,30,276,30,30,85,normal,flying,3,0
Swellow,85,455,45,60,277,75,50,125,normal,flying,3,0
Wingull,30,270,190,30,278,55,30,85,water,flying,3,0
Pelipper,50,440,45,100,279,95,70,65,water,flying,3,0
Ralts,25,198,235,25,280,45,35,40,psychic,fairy,3,0
Kirlia,35,278,120,35,281,65,55,50,psychic,fairy,3,0
Gardevoir,85,618,45,65,282,165,135,100,psychic,fairy,3,0
Surskit,30,269,200,32,283,50,52,65,bug,water,3,0
Masquerain,60,454,75,62,284,100,82,80,bug,flying,3,0
Shroomish,40,295,255,60,285,40,60,35,grass,,3,0
Breloom,130,460,90,80,286,60,60,70,grass,fighting,3,0
Slakoth,60,280,255,60,287,35,35,30,normal,,3,0
Vigoroth,80,440,120,80,288,55,55,90,normal,,3,0
Slaking,160,670,45,100,289,95,65,100,normal,,3,0
Nincada,45,266,255,90,290,30,30,40,bug,ground,3,0
Ninjask,90,456,120,45,291,50,50,160,bug,flying,3,0
Shedinja,90,236,45,45,292,30,30,40,bug,ghost,3,0
Whismur,51,240,190,23,293,51,23,28,normal,,3,0
Loudred,71,360,120,43,294,71,43,48,normal,,3,0
Exploud,91,490,45,63,295,91,73,68,normal,,3,0
Makuhita,60,237,180,30,296,20,30,25,fighting,,3,0
Hariyama,120,474,200,60,297,40,60,50,fighting,,3,0
Azurill,20,190,150,40,298,20,40,20,normal,fairy,3,0
Nosepass,45,375,255,135,299,45,90,30,rock,,3,0
Skitty,45,260,255,45,300,35,35,50,normal,,3,0
Delcatty,65,400,60,65,301,55,55,90,normal,,3,0
Sableye,85,480,45,125,302,85,115,20,dark,ghost,3,0
Mawile,105,480,45,125,303,55,95,50,steel,fairy,3,0
Aron,70,330,180,100,304,40,40,30,steel,rock,3,0
Lairon,90,430,90,140,305,50,50,40,steel,rock,3,0
Aggron,140,630,45,230,306,60,80,50,steel,rock,3,0
Meditite,40,280,180,55,307,40,55,60,fighting,psychic,3,0
Medicham,100,510,90,85,308,80,85,100,fighting,psychic,3,0
Electrike,45,295,120,40,309,65,40,65,electric,,3,0
Manectric,75,575,45,80,310,135,80,135,electric,,3,0
Plusle,50,405,200,40,311,85,75,95,electric,,3,0
Minun,40,405,200,50,312,75,85,95,electric,,3,0
Volbeat,73,430,150,75,313,47,85,85,bug,,3,0
Illumise,47,430,150,75,314,73,85,85,bug,,3,0
Roselia,60,400,150,45,315,100,80,65,grass,poison,3,0
Gulpin,43,302,225,53,316,43,53,40,poison,,3,0
Swalot,73,467,75,83,317,73,83,55,poison,,3,0
Carvanha,90,305,225,20,318,65,20,65,water,dark,3,0
Sharpedo,140,560,60,70,319,110,65,105,water,dark,3,0
Wailmer,70,400,125,35,320,70,35,60,water,,3,0
Wailord,90,500,60,45,321,90,45,60,water,,3,0
Numel,60,305,255,40,322,65,45,35,fire,ground,3,0
Camerupt,120,560,150,100,323,145,105,20,fire,ground,3,0
Torkoal,85,470,90,140,324,85,70,20,fire,,3,0
Spoink,25,330,255,35,325,70,80,60,psychic,,3,0
Grumpig,45,470,60,65,326,90,110,80,psychic,,3,0
Spinda,60,360,255,60,327,60,60,60,normal,,3,0
Trapinch,100,290,255,45,328,45,45,10,ground,,3,0
Vibrava,70,340,120,50,329,50,50,70,ground,dragon,3,0
Flygon,100,520,45,80,330,80,80,100,ground,dragon,3,0
Cacnea,85,335,190,40,331,85,40,35,grass,,3,0
Cacturne,115,475,60,60,332,115,60,55,grass,dark,3,0
Swablu,40,310,255,60,333,40,75,50,normal,flying,3,0
Altaria,110,590,45,110,334,110,105,80,dragon,flying,3,0
Zangoose,115,458,90,60,335,60,60,90,normal,,3,0
Seviper,100,458,90,60,336,100,60,65,poison,,3,0
Lunatone,55,460,45,65,337,95,85,70,rock,psychic,3,0
Solrock,95,460,45,85,338,55,65,70,rock,psychic,3,0
Barboach,48,288,190,43,339,46,41,60,water,ground,3,0
Whiscash,78,468,75,73,340,76,71,60,water,ground,3,0
Corphish,80,308,205,65,341,50,35,35,water,,3,0
Crawdaunt,120,468,155,85,342,90,55,55,water,dark,3,0
Baltoy,40,300,255,55,343,40,70,55,ground,psychic,3,0
Claydol,70,500,90,105,344,70,120,75,ground,psychic,3,0
Lileep,41,355,45,77,345,61,87,23,rock,grass,3,0
Cradily,81,495,45,97,346,81,107,43,rock,grass,3,0
Anorith,95,355,45,50,347,40,50,75,rock,bug,3,0
Armaldo,125,495,45,100,348,70,80,45,rock,bug,3,0
Feebas,15,200,255,20,349,10,55,80,water,,3,0
Milotic,60,540,60,79,350,100,125,81,water,,3,0
Castform,70,420,45,70,351,70,70,70,normal,,3,0
Kecleon,90,440,200,70,352,60,120,40,normal,,3,0
Shuppet,75,295,225,35,353,63,33,45,ghost,,3,0
Banette,165,555,45,75,354,93,83,75,ghost,,3,0
Duskull,40,295,190,90,355,30,90,25,ghost,,3,0
Dusclops,70,455,90,130,356,60,130,25,ghost,,3,0
Tropius,68,460,200,83,357,72,87,51,grass,flying,3,0
Chimecho,50,455,45,80,358,95,90,65,psychic,,3,0
Absol,150,565,30,60,359,115,60,115,dark,,3,0
Wynaut,23,260,125,48,360,23,48,23,psychic,,3,0
Snorunt,50,300,190,50,361,50,50,50,ice,,3,0
Glalie,120,580,75,80,362,120,80,100,ice,,3,0
Spheal,40,290,255,50,363,55,50,25,ice,water,3,0
Sealeo,60,410,120,70,364,75,70,45,ice,water,3,0
Walrein,80,530,45,90,365,95,90,65,ice,water,3,0
Clamperl,64,345,255,85,366,74,55,32,water,,3,0
Huntail,104,485,60,105,367,94,75,52,water,,3,0
Gorebyss,84,485,60,105,368,114,75,52,water,,3,0
Relicanth,90,485,25,130,369,45,65,55,water,rock,3,0
Luvdisc,30,330,225,55,370,40,65,97,water,,3,0
Bagon,75,300,45,60,371,40,30,50,dragon,,3,0
Shelgon,95,420,45,100,372,60,50,50,dragon,,3,0
Salamence,145,700,45,130,373,120,90,120,dragon,flying,3,0
Beldum,55,300,3,80,374,35,60,30,steel,psychic,3,0
Metang,75,420,3,100,375,55,80,50,steel,psychic,3,0
Metagross,145,700,3,150,376,105,110,110,steel,psychic,3,0
Regirock,100,580,3,200,377,50,100,50,rock,,3,1
Regice,50,580,3,100,378,100,200,50,ice,,3,1
Registeel,75,580,3,150,379,75,150,50,steel,,3,1
Latias,100,700,3,120,380,140,150,110,dragon,psychic,3,1
Latios,130,700,3,100,381,160,120,110,dragon,psychic,3,1
Kyogre,150,770,3,90,382,180,160,90,water,,3,1
Groudon,180,770,3,160,383,150,90,90,ground,,3,1
Rayquaza,180,780,45,100,384,180,100,115,dragon,flying,3,1
Jirachi,100,600,3,100,385,100,100,100,steel,psychic,3,1
Deoxys,95,600,3,90,386,95,90,180,psychic,,3,1
Turtwig,68,318,45,64,387,45,55,31,grass,,4,0
Grotle,89,405,45,85,388,55,65,36,grass,,4,0
Torterra,109,525,45,105,389,75,85,56,grass,ground,4,0
Chimchar,58,309,45,44,390,58,44,61,fire,,4,0
Monferno,78,405,45,52,391,78,52,81,fire,fighting,4,0
Infernape,104,534,45,71,392,104,71,108,fire,fighting,4,0
Piplup,51,314,45,53,393,61,56,40,water,,4,0
Prinplup,66,405,45,68,394,81,76,50,water,,4,0
Empoleon,86,530,45,88,395,111,101,60,water,steel,4,0
Starly,55,245,255,30,396,30,30,60,normal,flying,4,0
Staravia,75,340,120,50,397,40,40,80,normal,flying,4,0
Staraptor,120,485,45,70,398,50,60,100,normal,flying,4,0
Bidoof,45,250,255,40,399,35,40,31,normal,,4,0
Bibarel,85,410,127,60,400,55,60,71,normal,water,4,0
Kricketot,25,194,255,41,401,25,41,25,bug,,4,0
Kricketune,85,384,45,51,402,55,51,65,bug,,4,0
Shinx,65,263,235,34,403,40,34,45,electric,,4,0
Luxio,85,363,120,49,404,60,49,60,electric,,4,0
Luxray,120,523,45,79,405,95,79,70,electric,,4,0
Budew,30,280,255,35,406,50,70,55,grass,poison,4,0
Roserade,70,515,75,65,407,125,105,90,grass,poison,4,0
Cranidos,125,350,45,40,408,30,30,58,rock,,4,0
Rampardos,165,495,45,60,409,65,50,58,rock,,4,0
Shieldon,42,350,45,118,410,42,88,30,rock,steel,4,0
Bastiodon,52,495,45,168,411,47,138,30,rock,steel,4,0
Burmy,29,224,120,45,412,29,45,36,bug,,4,0
Wormadam,69,424,45,95,413,69,95,36,bug,grass,4,0
Mothim,94,424,45,50,414,94,50,66,bug,flying,4,0
Combee,30,244,120,42,415,30,42,70,bug,flying,4,0
Vespiquen,80,474,45,102,416,80,102,40,bug,flying,4,0
Pachirisu,45,405,200,70,417,45,90,95,electric,,4,0
Buizel,65,330,190,35,418,60,30,85,water,,4,0
Floatzel,105,495,75,55,419,85,50,115,water,,4,0
Cherubi,35,275,190,45,420,62,53,35,grass,,4,0
Cherrim,60,450,75,70,421,87,78,85,grass,,4,0
Shellos,48,325,190,48,422,57,62,34,water,,4,0
Gastrodon,83,475,75,68,423,92,82,39,water,ground,4,0
Ambipom,100,482,45,66,424,60,66,115,normal,,4,0
Drifloon,50,348,125,34,425,60,44,70,ghost,flying,4,0
Drifblim,80,498,60,44,426,90,54,80,ghost,flying,4,0
Buneary,66,350,190,44,427,44,56,85,normal,,4,0
Lopunny,136,580,60,94,428,54,96,135,normal,,4,0
Mismagius,60,495,45,60,429,105,105,105,ghost,,4,0
Honchkrow,125,505,30,52,430,105,52,71,dark,flying,4,0
Glameow,55,310,190,42,431,42,37,85,normal,,4,0
Purugly,82,452,75,64,432,64,59,112,normal,,4,0
Chingling,30,285,120,50,433,65,50,45,psychic,,4,0
Stunky,63,329,225,47,434,41,41,74,poison,dark,4,0
Skuntank,93,479,60,67,435,71,61,84,poison,dark,4,0
Bronzor,24,300,255,86,436,24,86,23,steel,psychic,4,0
Bronzong,89,500,90,116,437,79,116,33,steel,psychic,4,0
Bonsly,80,290,255,95,438,10,45,10,rock,,4,0
Mime Jr.,25,310,145,45,439,70,90,60,psychic,fairy,4,0
Happiny,5,220,130,5,440,15,65,30,normal,,4,0
Chatot,65,411,30,45,441,92,42,91,normal,flying,4,0
Spiritomb,92,485,100,108,442,92,108,35,ghost,dark,4,0
Gible,70,300,45,45,443,40,45,42,dragon,ground,4,0
Gabite,90,410,45,65,444,50,55,82,dragon,ground,4,0
Garchomp,170,700,45,115,445,120,95,92,dragon,ground,4,0
Munchlax,85,390,50,40,446,40,85,5,normal,,4,0
Riolu,70,285,75,40,447,35,40,60,fighting,,4,0
Lucario,145,625,45,88,448,140,70,112,fighting,steel,4,0
Hippopotas,72,330,140,78,449,38,42,32,ground,,4,0
Hippowdon,112,525,60,118,450,68,72,47,ground,,4,0
Skorupi,50,330,120,90,451,30,55,65,poison,bug,4,0
Drapion,90,500,45,110,452,60,75,95,poison,dark,4,0
Croagunk,61,300,140,40,453,61,40,50,poison,fighting,4,0
Toxicroak,106,490,75,65,454,86,65,85,poison,fighting,4,0
Carnivine,100,454,200,72,455,90,72,46,grass,,4,0
Finneon,49,330,190,56,456,49,61,66,water,,4,0
Lumineon,69,460,75,76,457,69,86,91,water,,4,0
Mantyke,20,345,25,50,458,60,120,50,water,flying,4,0
Snover,62,334,120,50,459,62,60,40,grass,ice,4,0
Abomasnow,132,594,60,105,460,132,105,30,grass,ice,4,0
Weavile,120,510,45,65,461,45,85,125,dark,ice,4,0
Magnezone,70,535,30,115,462,130,90,60,electric,steel,4,0
Lickilicky,85,515,30,95,463,80,95,50,normal,,4,0
Rhyperior,140,535,30,130,464,55,55,40,ground,rock,4,0
Tangrowth,100,535,30,125,465,110,50,50,grass,,4,0
Electivire,123,540,30,67,466,95,85,95,electric,,4,0
Magmortar,95,540,30,67,467,125,95,83,fire,,4,0
Togekiss,50,545,30,95,468,120,115,80,fairy,flying,4,0
Yanmega,76,515,30,86,469,116,56,95,bug,flying,4,0
Leafeon,110,525,45,130,470,60,65,95,grass,,4,0
Glaceon,60,525,45,110,471,130,95,65,ice,,4,0
Gliscor,95,510,30,125,472,45,75,95,ground,flying,4,0
Mamoswine,130,530,50,80,473,70,60,80,ice,ground,4,0
Porygon-Z,80,535,30,70,474,135,75,90,normal,,4,0
Gallade,165,618,45,95,475,65,115,110,psychic,fighting,4,0
Probopass,55,525,60,145,476,75,150,40,rock,steel,4,0
Dusknoir,100,525,45,135,477,65,135,45,ghost,,4,0
Froslass,80,480,75,70,478,80,70,110,ice,ghost,4,0
Rotom,65,520,45,107,479,105,107,86,electric,ghost,4,0
Uxie,75,580,3,130,480,75,130,95,psychic,,4,1
Mesprit,105,580,3,105,481,105,105,80,psychic,,4,1
Azelf,125,580,3,70,482,125,70,115,psychic,,4,1
Dialga,120,680,3,120,483,150,100,90,steel,dragon,4,1
Palkia,120,680,3,100,484,150,120,100,water,dragon,4,1
Heatran,90,600,3,106,485,130,106,77,fire,steel,4,1
Regigigas,160,670,3,110,486,80,110,100,normal,,4,1
Giratina,120,680,3,100,487,120,100,90,ghost,dragon,4,1
Cresselia,70,600,3,120,488,75,130,85,psychic,,4,1
Phione,80,480,30,80,489,80,80,80,water,,4,0
Manaphy,100,600,3,100,490,100,100,100,water,,4,1
Darkrai,90,600,3,90,491,135,90,125,dark,,4,1
Shaymin,103,600,45,75,492,120,75,127,grass,grass,4,1
Arceus,120,720,3,120,493,120,120,120,normal,,4,1
Victini,100,600,3,100,494,100,100,100,psychic,fire,5,1
Snivy,45,308,45,55,495,45,55,63,grass,,5,0
Servine,60,413,45,75,496,60,75,83,grass,,5,0
Serperior,75,528,45,95,497,75,95,113,grass,,5,0
Tepig,63,308,45,45,498,45,45,45,fire,,5,0
Pignite,93,418,45,55,499,70,55,55,fire,fighting,5,0
Emboar,123,528,45,65,500,100,65,65,fire,fighting,5,0
Oshawott,55,308,45,45,501,63,45,45,water,,5,0
Dewott,75,413,45,60,502,83,60,60,water,,5,0
Samurott,100,528,45,85,503,108,70,70,water,,5,0
Patrat,55,255,255,39,504,35,39,42,normal,,5,0
Watchog,85,420,255,69,505,60,69,77,normal,,5,0
Lillipup,60,275,255,45,506,25,45,55,normal,,5,0
Herdier,80,370,120,65,507,35,65,60,normal,,5,0
Stoutland,110,500,45,90,508,45,90,80,normal,,5,0
Purrloin,50,281,255,37,509,50,37,66,dark,,5,0
Liepard,88,446,90,50,510,88,50,106,dark,,5,0
Pansage,53,316,190,48,511,53,48,64,grass,,5,0
Simisage,98,498,75,63,512,98,63,101,grass,,5,0
Pansear,53,316,190,48,513,53,48,64,fire,,5,0
Simisear,98,498,75,63,514,98,63,101,fire,,5,0
Panpour,53,316,190,48,515,53,48,64,water,,5,0
Simipour,98,498,75,63,516,98,63,101,water,,5,0
Munna,25,292,190,45,517,67,55,24,psychic,,5,0
Musharna,55,487,75,85,518,107,95,29,psychic,,5,0
Pidove,55,264,255,50,519,36,30,43,normal,flying,5,0
Tranquill,77,358,120,62,520,50,42,65,normal,flying,5,0
Unfezant,115,488,45,80,521,65,55,93,normal,flying,5,0
Blitzle,60,295,190,32,522,50,32,76,electric,,5,0
Zebstrika,100,497,75,63,523,80,63,116,electric,,5,0
Roggenrola,75,280,255,85,524,25,25,15,rock,,5,0
Boldore,105,390,120,105,525,50,40,20,rock,,5,0
Gigalith,135,515,45,130,526,60,80,25,rock,,5,0
Woobat,45,323,190,43,527,55,43,72,psychic,flying,5,0
Swoobat,57,425,45,55,528,77,55,114,psychic,flying,5,0
Drilbur,85,328,120,40,529,30,45,68,ground,,5,0
Excadrill,135,508,60,60,530,50,65,88,ground,steel,5,0
Audino,60,545,255,126,531,80,126,50,normal,,5,0
Timburr,80,305,180,55,532,25,35,35,fighting,,5,0
Gurdurr,105,405,90,85,533,40,50,40,fighting,,5,0
Conkeldurr,140,505,45,95,534,55,65,45,fighting,,5,0
Tympole,50,294,255,40,535,50,40,64,water,,5,0
Palpitoad,65,384,120,55,536,65,55,69,water,ground,5,0
Seismitoad,95,509,45,75,537,85,75,74,water,ground,5,0
Throh,100,465,45,85,538,30,85,45,fighting,,5,0
Sawk,125,465,45,75,539,30,75,85,fighting,,5,0
Sewaddle,53,310,255,70,540,40,60,42,bug,grass,5,0
Swadloon,63,380,120,90,541,50,80,42,bug,grass,5,0
Leavanny,103,500,45,80,542,70,80,92,bug,grass,5,0
Venipede,45,260,255,59,543,30,39,57,bug,poison,5,0
Whirlipede,55,360,120,99,544,40,79,47,bug,poison,5,0
Scolipede,100,485,45,89,545,55,69,112,bug,poison,5,0
Cottonee,27,280,190,60,546,37,50,66,grass,fairy,5,0
Whimsicott,67,480,75,85,547,77,75,116,grass,fairy,5,0
Petilil,35,280,190,50,548,70,50,30,grass,,5,0
Lilligant,60,480,75,75,549,110,75,90,grass,,5,0
Basculin,92,460,25,65,550,80,55,98,water,,5,0
Sandile,72,292,180,35,551,35,35,65,ground,dark,5,0
Krokorok,82,351,90,45,552,45,45,74,ground,dark,5,0
Krookodile,117,519,45,80,553,65,70,92,ground,dark,5,0
Darumaka,90,315,120,45,554,15,45,50,fire,,5,0
Darmanitan,30,540,60,105,555,140,105,55,fire,fire,5,0
Maractus,86,461,255,67,556,106,67,60,grass,,5,0
Dwebble,65,325,190,85,557,35,35,55,bug,rock,5,0
Crustle,105,485,75,125,558,65,75,45,bug,rock,5,0
Scraggy,75,348,180,70,559,35,70,48,dark,fighting,5,0
Scrafty,90,488,90,115,560,45,115,58,dark,fighting,5,0
Sigilyph,58,490,45,80,561,103,80,97,psychic,flying,5,0
Yamask,30,303,190,85,562,55,65,30,ghost,,5,0
Cofagrigus,50,483,90,145,563,95,105,30,ghost,,5,0
Tirtouga,78,355,45,103,564,53,45,22,water,rock,5,0
Carracosta,108,495,45,133,565,83,65,32,water,rock,5,0
Archen,112,401,45,45,566,74,45,70,rock,flying,5,0
Archeops,140,567,45,65,567,112,65,110,rock,flying,5,0
Trubbish,50,329,190,62,568,40,62,65,poison,,5,0
Garbodor,95,474,60,82,569,60,82,75,poison,,5,0
Zorua,65,330,75,40,570,80,40,65,dark,,5,0
Zoroark,105,510,45,60,571,120,60,105,dark,,5,0
Minccino,50,300,255,40,572,40,40,75,normal,,5,0
Cinccino,95,470,60,60,573,65,60,115,normal,,5,0
Gothita,30,290,200,50,574,55,65,45,psychic,,5,0
Gothorita,45,390,100,70,575,75,85,55,psychic,,5,0
Gothitelle,55,490,50,95,576,95,110,65,psychic,,5,0
Solosis,30,290,200,40,577,105,50,20,psychic,,5,0
Duosion,40,370,100,50,578,125,60,30,psychic,,5,0
Reuniclus,65,490,50,75,579,125,85,30,psychic,,5,0
Ducklett,44,305,190,50,580,44,50,55,water,flying,5,0
Swanna,87,473,45,63,581,87,63,98,water,flying,5,0
Vanillite,50,305,255,50,582,65,60,44,ice,,5,0
Vanillish,65,395,120,65,583,80,75,59,ice,,5,0
Vanilluxe,95,535,45,85,584,110,95,79,ice,,5,0
Deerling,60,335,190,50,585,40,50,75,normal,grass,5,0
Sawsbuck,100,475,75,70,586,60,70,95,normal,grass,5,0
Emolga,75,428,200,60,587,75,60,103,electric,flying,5,0
Karrablast,75,315,200,45,588,40,45,60,bug,,5,0
Escavalier,135,495,75,105,589,60,105,20,bug,steel,5,0
Foongus,55,294,190,45,590,55,55,15,grass,poison,5,0
Amoonguss,85,464,75,70,591,85,80,30,grass,poison,5,0
Frillish,40,335,190,50,592,65,85,40,water,ghost,5,0
Jellicent,60,480,60,70,593,85,105,60,water,ghost,5,0
Alomomola,75,470,75,80,594,40,45,65,water,,5,0
Joltik,47,319,190,50,595,57,50,65,bug,electric,5,0
Galvantula,77,472,75,60,596,97,60,108,bug,electric,5,0
Ferroseed,50,305,255,91,597,24,86,10,grass,steel,5,0
Ferrothorn,94,489,90,131,598,54,116,20,grass,steel,5,0
Klink,55,300,130,70,599,45,60,30,steel,,5,0
Klang,80,440,60,95,600,70,85,50,steel,,5,0
Klinklang,100,520,30,115,601,70,85,90,steel,,5,0
Tynamo,55,275,190,40,602,45,40,60,electric,,5,0
Eelektrik,85,405,60,70,603,75,70,40,electric,,5,0
Eelektross,115,515,30,80,604,105,80,50,electric,,5,0
Elgyem,55,335,255,55,605,85,55,30,psychic,,5,0
Beheeyem,75,485,90,75,606,125,95,40,psychic,,5,0
Litwick,30,275,190,55,607,65,55,20,ghost,fire,5,0
Lampent,40,370,90,60,608,95,60,55,ghost,fire,5,0
Chandelure,55,520,45,90,609,145,90,80,ghost,fire,5,0
Axew,87,320,75,60,610,30,40,57,dragon,,5,0
Fraxure,117,410,60,70,611,40,50,67,dragon,,5,0
Haxorus,147,540,45,90,612,60,70,97,dragon,,5,0
Cubchoo,70,305,120,40,613,60,40,40,ice,,5,0
Beartic,130,505,60,80,614,70,80,50,ice,,5,0
Cryogonal,50,515,25,50,615,95,135,105,ice,,5,0
Shelmet,40,305,200,85,616,40,65,25,bug,,5,0
Accelgor,70,495,75,40,617,100,60,145,bug,,5,0
Stunfisk,66,471,75,84,618,81,99,32,ground,electric,5,0
Mienfoo,85,350,180,50,619,55,50,65,fighting,,5,0
Mienshao,125,510,45,60,620,95,60,105,fighting,,5,0
Druddigon,120,485,45,90,621,60,90,48,dragon,,5,0
Golett,74,303,190,50,622,35,50,35,ground,ghost,5,0
Golurk,124,483,90,80,623,55,80,55,ground,ghost,5,0
Pawniard,85,340,120,70,624,40,40,60,dark,steel,5,0
Bisharp,125,490,45,100,625,60,70,70,dark,steel,5,0
Bouffalant,110,490,45,95,626,40,95,55,normal,,5,0
Rufflet,83,350,190,50,627,37,50,60,normal,flying,5,0
Braviary,123,510,60,75,628,57,75,80,normal,flying,5,0
Vullaby,55,370,190,75,629,45,65,60,dark,flying,5,0
Mandibuzz,65,510,60,105,630,55,95,80,dark,flying,5,0
Heatmor,97,484,90,66,631,105,66,65,fire,,5,0
Durant,109,484,90,112,632,48,48,109,bug,steel,5,0
Deino,65,300,45,50,633,45,50,38,dark,dragon,5,0
Zweilous,85,420,45,70,634,65,70,58,dark,dragon,5,0
Hydreigon,105,600,45,90,635,125,90,98,dark,dragon,5,0
Larvesta,85,360,45,55,636,50,55,60,bug,fire,5,0
Volcarona,60,550,15,65,637,135,105,100,bug,fire,5,0
Cobalion,90,580,3,129,638,90,72,108,steel,fighting,5,1
Terrakion,129,580,3,90,639,72,90,108,rock,fighting,5,1
Virizion,90,580,3,72,640,90,129,108,grass,fighting,5,1
Tornadus,100,580,3,80,641,110,90,121,flying,,5,1
Thundurus,105,580,3,70,642,145,80,101,electric,flying,5,1
Reshiram,120,680,3,100,643,150,120,90,dragon,fire,5,1
Zekrom,150,680,3,120,644,120,100,90,dragon,electric,5,1
Landorus,145,600,3,90,645,105,80,91,ground,flying,5,1
Kyurem,120,700,3,90,646,170,100,95,dragon,ice,5,1
Keldeo,72,580,3,90,647,129,90,108,water,fighting,5,1
Meloetta,128,600,3,90,648,77,77,128,normal,psychic,5,1
Genesect,120,600,3,95,649,120,95,99,bug,steel,5,1
Chespin,61,313,45,65,650,48,45,38,grass,,6,0
Quilladin,78,405,45,95,651,56,58,57,grass,,6,0
Chesnaught,107,530,45,122,652,74,75,64,grass,fighting,6,0
Fennekin,45,307,45,40,653,62,60,60,fire,,6,0
Braixen,59,409,45,58,654,90,70,73,fire,,6,0
Delphox,69,534,45,72,655,114,100,104,fire,psychic,6,0
Froakie,56,314,45,40,656,62,44,71,water,,6,0
Frogadier,63,405,45,52,657,83,56,97,water,,6,0
Greninja,145,640,45,67,658,153,71,132,water,dark,6,0
Bunnelby,36,237,255,38,659,32,36,57,normal,,6,0
Diggersby,56,423,127,77,660,50,77,78,normal,ground,6,0
Fletchling,50,278,255,43,661,40,38,62,normal,flying,6,0
Fletchinder,73,382,120,55,662,56,52,84,fire,flying,6,0
Talonflame,81,499,45,71,663,74,69,126,fire,flying,6,0
Scatterbug,35,200,255,40,664,27,25,35,bug,,6,0
Spewpa,22,213,120,60,665,27,30,29,bug,,6,0
Vivillon,52,411,45,50,666,90,50,89,bug,flying,6,0
Litleo,50,369,220,58,667,73,54,72,fire,normal,6,0
Pyroar,68,507,65,72,668,109,66,106,fire,normal,6,0
Flabébé,38,303,225,39,669,61,79,42,fairy,,6,0
Floette,65,551,120,67,670,125,128,92,fairy,,6,0
Florges,65,552,45,68,671,112,154,75,fairy,,6,0
Skiddo,65,350,200,48,672,62,57,52,grass,,6,0
Gogoat,100,531,45,62,673,97,81,68,grass,,6,0
Pancham,82,348,220,62,674,46,48,43,fighting,,6,0
Pangoro,124,495,65,78,675,69,71,58,fighting,dark,6,0
Furfrou,80,472,160,60,676,65,90,102,normal,,6,0
Espurr,48,355,190,54,677,63,60,68,psychic,,6,0
Meowstic,48,466,75,76,678,83,81,104,psychic,,6,0
Honedge,80,325,180,100,679,35,37,28,steel,ghost,6,0
Doublade,110,448,90,150,680,45,49,35,steel,ghost,6,0
Aegislash,150,520,45,50,681,150,50,60,steel,ghost,6,0
Spritzee,52,341,200,60,682,63,65,23,fairy,,6,0
Aromatisse,72,462,140,72,683,99,89,29,fairy,,6,0
Swirlix,48,341,200,66,684,59,57,49,fairy,,6,0
Slurpuff,80,480,140,86,685,85,75,72,fairy,,6,0
Inkay,54,288,190,53,686,37,46,45,dark,psychic,6,0
Malamar,92,482,80,88,687,68,75,73,dark,psychic,6,0
Binacle,52,306,120,67,688,39,56,50,rock,water,6,0
Barbaracle,105,500,45,115,689,54,86,68,rock,water,6,0
Skrelp,60,320,225,60,690,60,60,30,poison,water,6,0
Dragalge,75,494,55,90,691,97,123,44,poison,dragon,6,0
Clauncher,53,330,225,62,692,58,63,44,water,,6,0
Clawitzer,73,500,55,88,693,120,89,59,water,,6,0
Helioptile,38,289,190,33,694,61,43,70,electric,normal,6,0
Heliolisk,55,481,75,52,695,109,94,109,electric,normal,6,0
Tyrunt,89,362,45,77,696,45,45,48,rock,dragon,6,0
Tyrantrum,121,521,45,119,697,69,59,71,rock,dragon,6,0
Amaura,59,362,45,50,698,67,63,46,rock,ice,6,0
Aurorus,77,521,45,72,699,99,92,58,rock,ice,6,0
Sylveon,65,525,45,65,700,110,130,60,fairy,,6,0
Hawlucha,92,500,100,75,701,74,63,118,fighting,flying,6,0
Dedenne,58,431,180,57,702,81,67,101,electric,fairy,6,0
Carbink,50,500,60,150,703,50,150,50,rock,fairy,6,0
Goomy,50,300,45,35,704,55,75,40,dragon,,6,0
Sliggoo,75,452,45,53,705,83,113,60,dragon,,6,0
Goodra,100,600,45,70,706,110,150,80,dragon,,6,0
Klefki,80,470,75,91,707,80,87,75,steel,fairy,6,0
Phantump,70,309,120,48,708,50,60,38,ghost,grass,6,0
Trevenant,110,474,60,76,709,65,82,56,ghost,grass,6,0
Pumpkaboo,66,335,120,70,710,44,55,41,ghost,grass,6,0
Gourgeist,100,494,60,122,711,58,75,54,ghost,grass,6,0
Bergmite,69,304,190,85,712,32,35,28,ice,,6,0
Avalugg,117,514,55,184,713,44,46,28,ice,,6,0
Noibat,30,245,190,35,714,45,40,55,flying,dragon,6,0
Noivern,70,535,45,80,715,97,80,123,flying,dragon,6,0
Xerneas,131,680,45,95,716,131,98,99,fairy,,6,1
Yveltal,131,680,45,95,717,131,98,99,dark,flying,6,1
Zygarde,100,708,3,121,718,91,95,85,dragon,ground,6,1
Diancie,160,700,3,110,719,160,110,110,rock,fairy,6,1
Hoopa,160,680,3,60,720,170,130,80,psychic,ghost,6,1
Volcanion,110,600,3,120,721,130,90,70,fire,water,6,1
Rowlet,55,320,45,55,722,50,50,42,grass,flying,7,0
Dartrix,75,420,45,75,723,70,70,52,grass,flying,7,0
Decidueye,107,530,45,75,724,100,100,70,grass,ghost,7,0
Litten,65,320,45,40,725,60,40,70,fire,,7,0
Torracat,85,420,45,50,726,80,50,90,fire,,7,0
Incineroar,115,530,45,90,727,80,90,60,fire,dark,7,0
Popplio,54,320,45,54,728,66,56,40,water,,7,0
Brionne,69,420,45,69,729,91,81,50,water,,7,0
Primarina,74,530,45,74,730,126,116,60,water,fairy,7,0
Pikipek,75,265,255,30,731,30,30,65,normal,flying,7,0
Trumbeak,85,355,120,50,732,40,50,75,normal,flying,7,0
Toucannon,120,485,45,75,733,75,75,60,normal,flying,7,0
Yungoos,70,253,255,30,734,30,30,45,normal,,7,0
Gumshoos,110,418,127,60,735,55,60,45,normal,,7,0
Grubbin,62,300,255,45,736,55,45,46,bug,,7,0
Charjabug,82,400,120,95,737,55,75,36,bug,electric,7,0
Vikavolt,70,500,45,90,738,145,75,43,bug,electric,7,0
Crabrawler,82,338,225,57,739,42,47,63,fighting,,7,0
Crabominable,132,478,60,77,740,62,67,43,fighting,ice,7,0
Oricorio,70,476,45,70,741,98,70,93,fire,flying,7,0
Cutiefly,45,304,190,40,742,55,40,84,bug,fairy,7,0
Ribombee,55,464,75,60,743,95,70,124,bug,fairy,7,0
Rockruff,65,280,190,40,744,30,40,60,rock,,7,0
Lycanroc,115,487,90,75,745,55,75,82,rock,,7,0
Wishiwashi,140,620,60,130,746,140,135,30,water,,7,0
Mareanie,53,305,190,62,747,43,52,45,poison,water,7,0
Toxapex,63,495,75,152,748,53,142,35,poison,water,7,0
Mudbray,100,385,190,70,749,45,55,45,ground,,7,0
Mudsdale,125,500,60,100,750,55,85,35,ground,,7,0
Dewpider,40,269,200,52,751,40,72,27,water,bug,7,0
Araquanid,70,454,100,92,752,50,132,42,water,bug,7,0
Fomantis,55,250,190,35,753,50,35,35,grass,,7,0
Lurantis,105,480,75,90,754,80,90,45,grass,,7,0
Morelull,35,285,190,55,755,65,75,15,grass,fairy,7,0
Shiinotic,45,405,75,80,756,90,100,30,grass,fairy,7,0
Salandit,44,320,120,40,757,71,40,77,poison,fire,7,0
Salazzle,64,480,45,60,758,111,60,117,poison,fire,7,0
Stufful,75,340,140,50,759,45,50,50,normal,fighting,7,0
Bewear,125,500,70,80,760,55,60,60,normal,fighting,7,0
Bounsweet,30,210,235,38,761,30,38,32,grass,,7,0
Steenee,40,290,120,48,762,40,48,62,grass,,7,0
Tsareena,120,510,45,98,763,50,98,72,grass,,7,0
Comfey,52,485,60,90,764,82,110,100,fairy,,7,0
Oranguru,60,490,45,80,765,90,110,60,normal,psychic,7,0
Passimian,120,490,45,90,766,40,60,80,fighting,,7,0
Wimpod,35,230,90,40,767,20,30,80,bug,water,7,0
Golisopod,125,530,45,140,768,60,90,40,bug,water,7,0
Sandygast,55,320,140,80,769,70,45,15,ghost,ground,7,0
Palossand,75,480,60,110,770,100,75,35,ghost,ground,7,0
Pyukumuku,60,410,60,130,771,30,130,5,water,,7,0
Type: Null,95,534,3,95,772,95,95,59,normal,,7,0
Silvally,95,570,3,95,773,95,95,95,normal,,7,0
Minior,100,500,30 (Meteorite)255 (Core),60,774,100,60,120,rock,flying,7,0
Komala,115,480,45,65,775,75,95,65,normal,,7,0
Turtonator,78,485,70,135,776,91,85,36,fire,dragon,7,0
Togedemaru,98,435,180,63,777,40,73,96,electric,steel,7,0
Mimikyu,90,476,45,80,778,50,105,96,ghost,fairy,7,0
Bruxish,105,475,80,70,779,70,70,92,water,psychic,7,0
Drampa,60,485,70,85,780,135,91,36,normal,dragon,7,0
Dhelmise,131,517,25,100,781,86,90,40,ghost,grass,7,0
Jangmo-o,55,300,45,65,782,45,45,45,dragon,,7,0
Hakamo-o,75,420,45,90,783,65,70,65,dragon,fighting,7,0
Kommo-o,110,600,45,125,784,100,105,85,dragon,fighting,7,0
Tapu Koko,115,570,3,85,785,95,75,130,electric,fairy,7,1
Tapu Lele,85,570,3,75,786,130,115,95,psychic,fairy,7,1
Tapu Bulu,130,570,3,115,787,85,95,75,grass,fairy,7,1
Tapu Fini,75,570,3,115,788,95,130,85,water,fairy,7,1
Cosmog,29,200,45,31,789,29,31,37,psychic,,7,1
Cosmoem,29,400,45,131,790,29,131,37,psychic,,7,1
Solgaleo,137,680,45,107,791,113,89,97,psychic,steel,7,1
Lunala,113,680,45,89,792,137,107,97,psychic,ghost,7,1
Nihilego,53,570,45,47,793,127,131,103,rock,poison,7,1
Buzzwole,139,570,25,139,794,53,53,79,bug,fighting,7,1
Pheromosa,137,570,255,37,795,137,37,151,bug,fighting,7,1
Xurkitree,89,570,30,71,796,173,71,83,electric,,7,1
Celesteela,101,570,25,103,797,107,101,61,steel,flying,7,1
Kartana,181,570,255,131,798,59,31,109,grass,steel,7,1
Guzzlord,101,570,15,53,799,97,53,43,dark,dragon,7,1
Necrozma,107,600,3,101,800,127,89,79,psychic,,7,1
Magearna,95,600,3,115,801,130,115,65,steel,fairy,7,1
